sector,date,buy_mb,sell_mb,buy_sell_mb,net_mb,cumulative_net_mb
Energy,2026-03-05,8589.57,8498.18,17087.76,91.40,91.40
Energy,2026-03-06,4164.49,4747.33,8911.80,-582.79,-491.39
Energy,2026-03-09,6815.71,7764.29,14580.03,-948.58,-1439.97
Energy,2026-03-10,4159.88,5147.54,9307.43,-987.66,-2427.63
Energy,2026-03-11,4594.63,4237.74,8832.38,356.91,-2070.72
Energy,2026-03-12,5755.63,5369.71,11125.31,385.92,-1684.80
Energy,2026-03-13,5445.42,4946.36,10391.77,499.04,-1185.76
Energy,2026-03-16,2998.19,4332.25,7330.45,-1334.05,-2519.81
Energy,2026-03-17,5401.56,4414.58,9816.15,986.99,-1532.82
Energy,2026-03-18,2607.78,3273.57,5881.37,-665.80,-2198.62
Energy,2026-03-19,6303.37,5085.68,11389.05,1217.69,-980.93
Energy,2026-03-20,5701.24,5490.10,11191.35,211.12,-769.81
Energy,2026-03-23,4427.08,4259.71,8686.79,167.36,-602.45
Energy,2026-03-24,4588.82,4568.53,9157.37,20.28,-582.17
Energy,2026-03-25,4605.40,3833.87,8439.26,771.53,189.36
Energy,2026-03-26,6569.73,4824.32,11394.03,1745.41,1934.77
Energy,2026-03-27,4993.88,3254.88,8248.78,1738.98,3673.75
Energy,2026-03-30,3739.90,3988.13,7728.03,-248.23,3425.52
Energy,2026-03-31,4146.75,4261.91,8408.65,-115.17,3310.35
Energy,2026-04-01,4903.02,4415.68,9318.72,487.31,3797.66
Energy,2026-04-02,4266.93,3430.87,7697.80,836.04,4633.70
Energy,2026-04-03,2545.49,3302.77,5848.27,-757.27,3876.43
Energy,2026-04-07,4051.09,2550.94,6602.03,1500.14,5376.57
Energy,2026-04-08,4885.00,4100.95,8985.95,784.04,6160.61
Energy,2026-04-09,5481.92,4495.99,9977.90,985.92,7146.53
Energy,2026-04-10,2316.14,2110.08,4426.22,206.06,7352.59
Energy,2026-04-16,4611.43,3943.17,8554.60,668.28,8020.87
Energy,2026-04-17,3645.78,2305.81,5951.61,1339.96,9360.83
Energy,2026-04-20,3624.64,2679.98,6304.62,944.69,10305.52
Energy,2026-04-21,1931.95,1905.84,3837.78,26.10,10331.62
Conmat,2026-03-05,312.52,496.59,809.11,-184.07,-184.07
Conmat,2026-03-06,314.63,327.02,641.65,-12.39,-196.46
Conmat,2026-03-09,878.90,906.30,1785.20,-27.40,-223.86
Conmat,2026-03-10,299.92,472.11,772.02,-172.19,-396.05
Conmat,2026-03-11,371.86,470.31,842.17,-98.45,-494.50
Conmat,2026-03-12,341.56,468.23,809.79,-126.67,-621.17
Conmat,2026-03-13,291.05,377.86,668.91,-86.80,-707.97
Conmat,2026-03-16,209.64,222.06,431.70,-12.43,-720.40
Conmat,2026-03-17,633.47,367.95,1001.42,265.51,-454.89
Conmat,2026-03-18,236.39,382.28,618.66,-145.89,-600.78
Conmat,2026-03-19,247.11,351.69,598.80,-104.57,-705.35
Conmat,2026-03-20,448.28,442.16,890.45,6.12,-699.23
Conmat,2026-03-23,207.55,260.87,468.42,-53.32,-752.55
Conmat,2026-03-24,405.24,476.39,881.63,-71.15,-823.70
Conmat,2026-03-25,708.62,468.67,1177.29,239.94,-583.76
Conmat,2026-03-26,373.08,386.38,759.46,-13.29,-597.05
Conmat,2026-03-27,501.82,486.29,988.11,15.53,-581.52
Conmat,2026-03-30,485.08,417.55,902.63,67.53,-513.99
Conmat,2026-03-31,369.70,513.96,883.66,-144.25,-658.24
Conmat,2026-04-01,367.60,194.42,562.02,173.18,-485.06
Conmat,2026-04-02,219.55,169.30,388.85,50.24,-434.82
Conmat,2026-04-03,261.77,141.87,403.64,119.90,-314.92
Conmat,2026-04-07,262.96,164.48,427.44,98.48,-216.44
Conmat,2026-04-08,401.40,299.97,701.37,101.44,-115.00
Conmat,2026-04-09,238.59,290.39,528.98,-51.80,-166.80
Conmat,2026-04-10,239.37,210.86,450.24,28.51,-138.29
Conmat,2026-04-16,2194.89,850.58,3045.47,1344.31,1206.02
Conmat,2026-04-17,795.79,480.76,1276.55,315.03,1521.05
Conmat,2026-04-20,747.54,454.92,1202.46,292.62,1813.67
Conmat,2026-04-21,316.75,400.05,716.80,-83.31,1730.36
Petro,2026-03-05,477.68,667.87,1145.56,-190.19,-190.19
Petro,2026-03-06,647.57,458.82,1106.39,188.75,-1.44
Petro,2026-03-09,442.39,615.86,1058.26,-173.47,-174.91
Petro,2026-03-10,282.85,498.05,780.90,-215.20,-390.11
Petro,2026-03-11,301.55,345.37,646.91,-43.82,-433.93
Petro,2026-03-12,844.55,808.50,1653.04,36.05,-397.88
Petro,2026-03-13,230.11,511.55,741.66,-281.44,-679.32
Petro,2026-03-16,446.10,405.11,851.20,40.98,-638.34
Petro,2026-03-17,838.91,594.97,1433.86,243.94,-394.40
Petro,2026-03-18,563.07,800.18,1363.25,-237.11,-631.51
Petro,2026-03-19,774.53,969.38,1743.91,-194.84,-826.35
Petro,2026-03-20,649.46,613.03,1262.49,36.42,-789.93
Petro,2026-03-23,635.90,730.20,1366.10,-94.31,-884.24
Petro,2026-03-24,552.05,535.35,1087.41,16.70,-867.54
Petro,2026-03-25,1222.76,706.27,1929.04,516.49,-351.05
Petro,2026-03-26,619.56,656.32,1275.89,-36.76,-387.81
Petro,2026-03-27,625.79,339.75,965.55,286.05,-101.76
Petro,2026-03-30,1364.71,1031.34,2396.06,333.36,231.60
Petro,2026-03-31,907.89,673.92,1581.81,233.97,465.57
Petro,2026-04-01,1511.63,689.97,2201.61,821.66,1287.23
Petro,2026-04-02,485.24,535.89,1021.13,-50.65,1236.58
Petro,2026-04-03,466.85,468.82,935.68,-1.97,1234.61
Petro,2026-04-07,1092.54,746.30,1838.84,346.24,1580.85
Petro,2026-04-08,987.09,903.32,1890.41,83.78,1664.63
Petro,2026-04-09,698.98,550.49,1249.47,148.49,1813.12
Petro,2026-04-10,327.97,464.35,792.32,-136.38,1676.74
Petro,2026-04-16,594.03,546.00,1140.03,48.04,1724.78
Petro,2026-04-17,361.50,619.31,980.81,-257.80,1466.98
Petro,2026-04-20,366.79,612.96,979.75,-246.18,1220.80
Petro,2026-04-21,711.29,613.47,1324.76,97.84,1318.64
Packaging,2026-03-05,106.55,190.57,297.12,-84.03,-84.03
Packaging,2026-03-06,68.23,82.85,151.08,-14.61,-98.64
Packaging,2026-03-09,110.69,115.83,226.52,-5.14,-103.78
Packaging,2026-03-10,70.78,104.71,175.50,-33.93,-137.71
Packaging,2026-03-11,92.59,143.81,236.40,-51.22,-188.93
Packaging,2026-03-12,81.47,76.88,158.35,4.59,-184.34
Packaging,2026-03-13,63.75,118.01,181.76,-54.26,-238.60
Packaging,2026-03-16,42.82,64.07,106.89,-21.25,-259.85
Packaging,2026-03-17,192.97,128.57,321.54,64.41,-195.44
Packaging,2026-03-18,72.76,163.04,235.80,-90.28,-285.72
Packaging,2026-03-19,51.15,95.37,146.52,-44.22,-329.94
Packaging,2026-03-20,98.23,70.26,168.49,27.96,-301.98
Packaging,2026-03-23,63.53,88.03,151.56,-24.50,-326.48
Packaging,2026-03-24,108.72,131.40,240.11,-22.68,-349.16
Packaging,2026-03-25,155.10,154.19,309.29,0.91,-348.25
Packaging,2026-03-26,60.78,99.66,160.44,-38.87,-387.12
Packaging,2026-03-27,107.61,99.69,207.30,7.92,-379.20
Packaging,2026-03-30,160.96,108.96,269.92,52.00,-327.20
Packaging,2026-03-31,162.73,163.31,326.04,-0.58,-327.78
Packaging,2026-04-01,173.51,117.13,290.63,56.38,-271.40
Packaging,2026-04-02,145.20,124.26,269.46,20.93,-250.47
Packaging,2026-04-03,54.25,53.36,107.61,0.89,-249.58
Packaging,2026-04-07,64.26,54.44,118.69,9.82,-239.76
Packaging,2026-04-08,106.94,93.05,199.98,13.89,-225.87
Packaging,2026-04-09,69.74,113.12,182.86,-43.38,-269.25
Packaging,2026-04-10,164.46,66.27,230.72,98.19,-171.06
Packaging,2026-04-16,141.04,130.66,271.69,10.38,-160.68
Packaging,2026-04-17,80.30,41.39,121.69,38.92,-121.76
Packaging,2026-04-20,44.13,69.86,113.99,-25.74,-147.50
Packaging,2026-04-21,71.90,55.06,126.96,16.84,-130.66
Insurance,2026-03-05,81.43,196.26,277.70,-114.83,-114.83
Insurance,2026-03-06,19.36,65.61,84.98,-46.25,-161.08
Insurance,2026-03-09,60.84,121.71,182.56,-60.87,-221.95
Insurance,2026-03-10,41.24,92.08,133.32,-50.84,-272.79
Insurance,2026-03-11,49.72,86.54,136.27,-36.82,-309.61
Insurance,2026-03-12,43.73,78.39,122.13,-34.66,-344.27
Insurance,2026-03-13,18.43,67.31,85.74,-48.88,-393.15
Insurance,2026-03-16,14.08,28.05,42.12,-13.97,-407.12
Insurance,2026-03-17,34.90,74.41,109.31,-39.52,-446.64
Insurance,2026-03-18,13.75,31.93,45.68,-18.18,-464.82
Insurance,2026-03-19,21.09,56.22,77.31,-35.13,-499.95
Insurance,2026-03-20,58.29,67.38,125.66,-9.09,-509.04
Insurance,2026-03-23,13.51,66.66,80.18,-53.15,-562.19
Insurance,2026-03-24,24.18,21.78,45.96,2.40,-559.79
Insurance,2026-03-25,30.72,25.61,56.34,5.11,-554.68
Insurance,2026-03-26,21.71,22.24,43.95,-0.53,-555.21
Insurance,2026-03-27,84.70,45.07,129.77,39.62,-515.59
Insurance,2026-03-30,39.11,48.55,87.65,-9.44,-525.03
Insurance,2026-03-31,53.58,45.03,98.60,8.55,-516.48
Insurance,2026-04-01,64.50,61.35,125.84,3.15,-513.33
Insurance,2026-04-02,39.76,47.78,87.54,-8.03,-521.36
Insurance,2026-04-03,45.03,44.07,89.10,0.96,-520.40
Insurance,2026-04-07,72.58,37.46,110.03,35.12,-485.28
Insurance,2026-04-08,63.91,34.83,98.74,29.08,-456.20
Insurance,2026-04-09,22.25,46.98,69.22,-24.73,-480.93
Insurance,2026-04-10,13.52,7.14,20.66,6.39,-474.54
Insurance,2026-04-16,16.06,11.59,27.64,4.47,-470.07
Insurance,2026-04-17,23.84,50.94,74.78,-27.10,-497.17
Insurance,2026-04-20,12.12,14.04,26.16,-1.92,-499.09
Insurance,2026-04-21,23.28,8.22,31.49,15.06,-484.03
Food,2026-03-05,621.75,1080.73,1702.48,-458.99,-458.99
Food,2026-03-06,335.15,465.23,800.39,-130.08,-589.07
Food,2026-03-09,733.19,700.33,1433.53,32.87,-556.20
Food,2026-03-10,322.69,514.52,837.22,-191.82,-748.02
Food,2026-03-11,336.66,598.59,935.25,-261.92,-1009.94
Food,2026-03-12,413.66,411.68,825.35,1.97,-1007.97
Food,2026-03-13,331.66,424.68,756.31,-93.02,-1100.99
Food,2026-03-16,368.84,319.31,688.15,49.54,-1051.45
Food,2026-03-17,537.30,382.68,919.98,154.62,-896.83
Food,2026-03-18,482.49,421.74,904.23,60.74,-836.09
Food,2026-03-19,448.29,703.36,1151.64,-255.06,-1091.15
Food,2026-03-20,775.24,573.14,1348.38,202.09,-889.06
Food,2026-03-23,273.80,648.03,921.84,-374.24,-1263.30
Food,2026-03-24,339.80,542.89,882.70,-203.09,-1466.39
Food,2026-03-25,425.40,425.13,850.53,0.27,-1466.12
Food,2026-03-26,540.89,409.19,950.08,131.71,-1334.41
Food,2026-03-27,791.59,513.89,1305.48,277.71,-1056.70
Food,2026-03-30,453.58,359.47,813.06,94.12,-962.58
Food,2026-03-31,435.79,371.55,807.35,64.24,-898.34
Food,2026-04-01,347.47,305.67,653.16,41.80,-856.54
Food,2026-04-02,541.40,423.23,964.63,118.18,-738.36
Food,2026-04-03,205.22,187.46,392.67,17.74,-720.62
Food,2026-04-07,443.88,220.83,664.71,223.05,-497.57
Food,2026-04-08,397.43,339.14,736.57,58.29,-439.28
Food,2026-04-09,378.98,358.60,737.58,20.38,-418.90
Food,2026-04-10,249.58,170.43,420.01,79.14,-339.76
Food,2026-04-16,718.83,931.55,1650.38,-212.72,-552.48
Food,2026-04-17,302.49,356.82,659.32,-54.34,-606.82
Food,2026-04-20,471.90,370.42,842.32,101.48,-505.34
Food,2026-04-21,336.40,358.43,694.83,-22.02,-527.36
Property,2026-03-05,947.72,1058.47,2006.19,-110.75,-110.75
Property,2026-03-06,473.32,689.21,1162.52,-215.89,-326.64
Property,2026-03-09,740.65,740.02,1480.68,0.63,-326.01
Property,2026-03-10,381.68,736.31,1118.01,-354.64,-680.65
Property,2026-03-11,387.91,683.70,1071.61,-295.79,-976.44
Property,2026-03-12,475.07,733.90,1208.97,-258.83,-1235.27
Property,2026-03-13,381.15,585.07,966.23,-203.91,-1439.18
Property,2026-03-16,258.56,248.84,507.41,9.72,-1429.46
Property,2026-03-17,284.64,410.51,695.14,-125.85,-1555.31
Property,2026-03-18,305.40,324.31,629.71,-18.93,-1574.24
Property,2026-03-19,331.39,454.56,785.95,-123.17,-1697.41
Property,2026-03-20,652.96,571.71,1224.67,81.26,-1616.15
Property,2026-03-23,510.64,488.34,998.97,22.29,-1593.86
Property,2026-03-24,282.54,353.63,636.15,-71.09,-1664.95
Property,2026-03-25,637.21,539.00,1176.22,98.20,-1566.75
Property,2026-03-26,590.64,468.30,1058.93,122.35,-1444.40
Property,2026-03-27,588.95,534.26,1123.22,54.70,-1389.70
Property,2026-03-30,372.99,320.32,693.32,52.66,-1337.04
Property,2026-03-31,410.82,374.94,785.77,35.87,-1301.17
Property,2026-04-01,597.51,539.74,1137.25,57.78,-1243.39
Property,2026-04-02,456.46,498.04,954.52,-41.58,-1284.97
Property,2026-04-03,268.96,242.59,511.55,26.38,-1258.59
Property,2026-04-07,315.42,304.28,619.70,11.14,-1247.45
Property,2026-04-08,450.14,330.77,780.90,119.38,-1128.07
Property,2026-04-09,259.27,487.55,746.81,-228.26,-1356.33
Property,2026-04-10,225.70,241.10,466.80,-15.41,-1371.74
Property,2026-04-16,624.90,446.34,1071.25,178.56,-1193.18
Property,2026-04-17,243.65,270.91,514.57,-27.26,-1220.44
Property,2026-04-20,210.91,160.16,371.05,50.74,-1169.70
Property,2026-04-21,300.74,246.23,546.95,54.51,-1115.19
Etron,2026-03-05,2526.70,3454.50,5981.21,-927.81,-927.81
Etron,2026-03-06,1277.68,1929.60,3207.28,-651.92,-1579.73
Etron,2026-03-09,2501.52,2883.85,5385.37,-382.34,-1962.07
Etron,2026-03-10,1473.35,2366.87,3840.22,-893.50,-2855.57
Etron,2026-03-11,1480.60,2071.82,3552.43,-591.22,-3446.79
Etron,2026-03-12,984.23,1449.10,2433.33,-464.88,-3911.67
Etron,2026-03-13,670.75,1643.41,2314.16,-972.66,-4884.33
Etron,2026-03-16,963.42,817.84,1781.26,145.58,-4738.75
Etron,2026-03-17,1776.41,1592.66,3369.07,183.74,-4555.01
Etron,2026-03-18,2042.21,2043.88,4086.09,-1.67,-4556.68
Etron,2026-03-19,1422.94,2087.80,3510.74,-664.85,-5221.53
Etron,2026-03-20,2004.36,2501.30,4505.66,-496.95,-5718.48
Etron,2026-03-23,1214.64,1651.51,2866.15,-436.85,-6155.33
Etron,2026-03-24,1576.81,1569.64,3146.44,7.16,-6148.17
Etron,2026-03-25,4654.14,2349.61,7003.75,2304.54,-3843.63
Etron,2026-03-26,1077.21,2210.91,3288.12,-1133.70,-4977.33
Etron,2026-03-27,1358.66,1759.38,3118.05,-400.71,-5378.04
Etron,2026-03-30,2005.58,2729.36,4734.95,-723.78,-6101.82
Etron,2026-03-31,2803.60,3836.01,6639.61,-1032.41,-7134.23
Etron,2026-04-01,2740.93,1915.36,4656.29,825.57,-6308.66
Etron,2026-04-02,1862.32,1373.51,3235.83,488.81,-5819.85
Etron,2026-04-03,770.77,801.95,1572.71,-31.19,-5851.04
Etron,2026-04-07,1402.46,752.03,2154.49,650.42,-5200.62
Etron,2026-04-08,1880.90,1682.97,3563.87,197.94,-5002.68
Etron,2026-04-09,4803.53,2093.94,6897.46,2709.59,-2293.09
Etron,2026-04-10,3461.74,1972.88,5434.63,1488.87,-804.22
Etron,2026-04-16,2006.03,2802.90,4808.93,-796.86,-1601.08
Etron,2026-04-17,1027.91,936.59,1964.51,91.32,-1509.76
Etron,2026-04-20,805.83,598.58,1404.41,207.25,-1302.51
Etron,2026-04-21,1025.39,839.15,1864.55,186.24,-1116.27
Tourism,2026-03-05,355.19,751.29,1106.49,-396.09,-396.09
Tourism,2026-03-06,240.06,326.80,566.86,-86.74,-482.83
Tourism,2026-03-09,441.45,393.85,835.29,47.60,-435.23
Tourism,2026-03-10,261.56,529.16,790.72,-267.59,-702.82
Tourism,2026-03-11,204.42,444.78,649.20,-240.36,-943.18
Tourism,2026-03-12,267.15,575.96,843.12,-308.81,-1251.99
Tourism,2026-03-13,303.64,339.72,643.36,-36.08,-1288.07
Tourism,2026-03-16,311.22,470.51,781.73,-159.28,-1447.35
Tourism,2026-03-17,131.68,470.71,602.39,-339.03,-1786.38
Tourism,2026-03-18,92.67,229.94,322.60,-137.27,-1923.65
Tourism,2026-03-19,204.40,299.09,503.49,-94.69,-2018.34
Tourism,2026-03-20,233.06,427.40,660.46,-194.34,-2212.68
Tourism,2026-03-23,206.21,307.43,513.63,-101.23,-2313.91
Tourism,2026-03-24,243.37,274.17,517.54,-30.80,-2344.71
Tourism,2026-03-25,196.57,281.96,478.53,-85.38,-2430.09
Tourism,2026-03-26,118.62,238.20,356.83,-119.57,-2549.66
Tourism,2026-03-27,215.77,278.20,493.97,-62.42,-2612.08
Tourism,2026-03-30,203.71,216.60,420.31,-12.89,-2624.97
Tourism,2026-03-31,297.92,372.13,670.04,-74.21,-2699.18
Tourism,2026-04-01,277.73,227.95,505.68,49.78,-2649.40
Tourism,2026-04-02,252.40,211.38,463.79,41.02,-2608.38
Tourism,2026-04-03,129.88,170.07,299.95,-40.20,-2648.58
Tourism,2026-04-07,273.66,118.59,392.25,155.07,-2493.51
Tourism,2026-04-08,380.44,223.51,603.96,156.94,-2336.57
Tourism,2026-04-09,145.91,294.70,440.61,-148.79,-2485.36
Tourism,2026-04-10,75.12,66.31,141.44,8.82,-2476.54
Tourism,2026-04-16,400.57,251.14,651.70,149.44,-2327.10
Tourism,2026-04-17,154.59,164.30,318.89,-9.70,-2336.80
Tourism,2026-04-20,197.75,171.24,368.99,26.51,-2310.29
Tourism,2026-04-21,201.71,319.16,520.87,-117.45,-2427.74
Trans,2026-03-05,1137.16,1987.41,3124.58,-850.25,-850.25
Trans,2026-03-06,361.65,1234.91,1596.55,-873.26,-1723.51
Trans,2026-03-09,1183.44,1217.84,2401.28,-34.40,-1757.91
Trans,2026-03-10,367.07,897.61,1264.66,-530.54,-2288.45
Trans,2026-03-11,935.35,1437.07,2372.42,-501.72,-2790.17
Trans,2026-03-12,542.11,978.89,1520.99,-436.78,-3226.95
Trans,2026-03-13,393.79,844.84,1238.61,-451.05,-3678.00
Trans,2026-03-16,727.38,724.73,1452.11,2.65,-3675.35
Trans,2026-03-17,609.57,677.65,1287.22,-68.06,-3743.41
Trans,2026-03-18,413.58,465.13,878.71,-51.55,-3794.96
Trans,2026-03-19,467.92,790.06,1257.99,-322.15,-4117.11
Trans,2026-03-20,771.26,736.21,1507.47,35.05,-4082.06
Trans,2026-03-23,500.44,924.50,1424.93,-424.07,-4506.13
Trans,2026-03-24,797.25,675.43,1472.67,121.82,-4384.31
Trans,2026-03-25,915.18,671.02,1586.19,244.16,-4140.15
Trans,2026-03-26,421.47,633.84,1055.34,-212.37,-4352.52
Trans,2026-03-27,955.97,910.43,1866.41,45.54,-4306.98
Trans,2026-03-30,614.22,793.32,1407.55,-179.11,-4486.09
Trans,2026-03-31,723.92,525.60,1249.52,198.31,-4287.78
Trans,2026-04-01,844.70,674.77,1519.47,169.93,-4117.85
Trans,2026-04-02,471.49,397.66,869.16,73.82,-4044.03
Trans,2026-04-03,456.40,548.25,1004.64,-91.85,-4135.88
Trans,2026-04-07,531.59,452.16,983.75,79.44,-4056.44
Trans,2026-04-08,713.05,540.62,1253.66,172.44,-3884.00
Trans,2026-04-09,467.26,469.62,936.88,-2.37,-3886.37
Trans,2026-04-10,197.11,246.87,443.97,-49.76,-3936.13
Trans,2026-04-16,970.11,628.23,1598.33,341.87,-3594.26
Trans,2026-04-17,373.82,344.20,718.03,29.61,-3564.65
Trans,2026-04-20,289.83,234.04,523.87,55.79,-3508.86
Trans,2026-04-21,174.99,225.54,400.54,-50.55,-3559.41
Finance,2026-03-05,569.05,1141.82,1710.89,-572.77,-572.77
Finance,2026-03-06,494.47,594.48,1088.94,-100.00,-672.77
Finance,2026-03-09,1051.27,950.43,2001.70,100.81,-571.96
Finance,2026-03-10,554.01,889.63,1443.64,-335.60,-907.56
Finance,2026-03-11,481.41,603.07,1084.48,-121.65,-1029.21
Finance,2026-03-12,491.40,821.64,1313.05,-330.24,-1359.45
Finance,2026-03-13,303.02,549.64,852.64,-246.60,-1606.05
Finance,2026-03-16,295.23,419.80,715.04,-124.56,-1730.61
Finance,2026-03-17,315.58,512.95,828.51,-197.36,-1927.97
Finance,2026-03-18,388.72,467.04,855.76,-78.32,-2006.29
Finance,2026-03-19,481.12,583.19,1064.31,-102.06,-2108.35
Finance,2026-03-20,502.73,705.96,1208.69,-203.24,-2311.59
Finance,2026-03-23,508.44,575.37,1083.81,-66.94,-2378.53
Finance,2026-03-24,464.20,493.74,957.95,-29.56,-2408.09
Finance,2026-03-25,451.82,867.74,1319.56,-415.93,-2824.02
Finance,2026-03-26,380.62,714.19,1094.81,-333.57,-3157.59
Finance,2026-03-27,500.51,542.68,1043.19,-42.15,-3199.74
Finance,2026-03-30,557.70,408.77,966.46,148.92,-3050.82
Finance,2026-03-31,540.25,689.69,1229.94,-149.44,-3200.26
Finance,2026-04-01,656.77,711.58,1368.35,-54.81,-3255.07
Finance,2026-04-02,295.16,490.54,785.70,-195.38,-3450.45
Finance,2026-04-03,197.15,267.15,464.31,-70.00,-3520.45
Finance,2026-04-07,349.43,229.62,579.07,119.81,-3400.64
Finance,2026-04-08,670.87,466.38,1137.25,204.49,-3196.15
Finance,2026-04-09,143.54,493.15,636.69,-349.60,-3545.75
Finance,2026-04-10,140.73,200.90,341.63,-60.17,-3605.92
Finance,2026-04-16,369.84,417.62,787.45,-47.78,-3653.70
Finance,2026-04-17,170.20,325.03,495.23,-154.84,-3808.54
Finance,2026-04-20,664.72,470.57,1135.28,194.15,-3614.39
Finance,2026-04-21,329.21,415.95,745.16,-86.75,-3701.14
Commerce,2026-03-05,931.00,1880.18,2811.19,-949.19,-949.19
Commerce,2026-03-06,638.31,1091.77,1730.07,-453.46,-1402.65
Commerce,2026-03-09,1287.87,1415.23,2703.10,-127.37,-1530.02
Commerce,2026-03-10,731.83,1242.66,1974.49,-510.83,-2040.85
Commerce,2026-03-11,1060.68,1463.03,2523.71,-402.35,-2443.20
Commerce,2026-03-12,763.76,874.85,1638.62,-111.07,-2554.27
Commerce,2026-03-13,929.46,1110.08,2039.54,-180.63,-2734.90
Commerce,2026-03-16,764.65,1037.59,1802.22,-272.93,-3007.83
Commerce,2026-03-17,717.50,770.22,1487.72,-52.72,-3060.55
Commerce,2026-03-18,713.45,774.23,1487.68,-60.79,-3121.34
Commerce,2026-03-19,496.91,1113.01,1609.91,-616.11,-3737.45
Commerce,2026-03-20,1035.80,1165.62,2201.42,-129.82,-3867.27
Commerce,2026-03-23,620.02,1087.50,1707.54,-467.49,-4334.76
Commerce,2026-03-24,758.69,620.52,1379.21,138.16,-4196.60
Commerce,2026-03-25,570.29,776.12,1346.42,-205.83,-4402.43
Commerce,2026-03-26,1226.36,1169.88,2396.26,56.47,-4345.96
Commerce,2026-03-27,1487.37,687.63,2175.00,799.74,-3546.22
Commerce,2026-03-30,1156.90,804.33,1961.22,352.59,-3193.63
Commerce,2026-03-31,771.32,750.47,1521.79,20.85,-3172.78
Commerce,2026-04-01,921.53,1105.30,2026.84,-183.76,-3356.54
Commerce,2026-04-02,499.52,627.91,1127.45,-128.39,-3484.93
Commerce,2026-04-03,639.31,579.59,1218.90,59.72,-3425.21
Commerce,2026-04-07,539.16,367.82,906.98,171.32,-3253.89
Commerce,2026-04-08,1024.62,801.73,1826.35,222.88,-3031.01
Commerce,2026-04-09,593.75,628.72,1222.47,-34.96,-3065.97
Commerce,2026-04-10,284.46,465.91,750.38,-181.47,-3247.44
Commerce,2026-04-16,707.88,1022.91,1730.78,-315.03,-3562.47
Commerce,2026-04-17,396.41,666.00,1062.41,-269.57,-3832.04
Commerce,2026-04-20,969.51,916.63,1886.14,52.88,-3779.16
Commerce,2026-04-21,497.16,669.68,1166.85,-172.54,-3951.70
Helth,2026-03-05,1153.21,1832.11,2985.32,-678.90,-678.90
Helth,2026-03-06,912.11,949.01,1861.12,-36.90,-715.80
Helth,2026-03-09,1349.98,1280.99,2630.96,69.00,-646.80
Helth,2026-03-10,756.24,1372.06,2128.30,-615.83,-1262.63
Helth,2026-03-11,507.62,956.77,1464.38,-449.15,-1711.78
Helth,2026-03-12,940.99,1506.28,2447.27,-565.29,-2277.07
Helth,2026-03-13,432.83,967.11,1399.94,-534.28,-2811.35
Helth,2026-03-16,435.39,541.77,977.15,-106.38,-2917.73
Helth,2026-03-17,507.24,992.83,1500.07,-485.61,-3403.34
Helth,2026-03-18,425.12,624.86,1049.97,-199.75,-3603.09
Helth,2026-03-19,417.34,773.40,1190.75,-356.06,-3959.15
Helth,2026-03-20,1107.29,1230.61,2337.89,-123.32,-4082.47
Helth,2026-03-23,608.51,941.19,1549.69,-332.69,-4415.16
Helth,2026-03-24,383.55,542.81,926.35,-159.26,-4574.42
Helth,2026-03-25,751.14,900.87,1652.01,-149.74,-4724.16
Helth,2026-03-26,337.82,704.41,1042.24,-366.59,-5090.75
Helth,2026-03-27,776.61,554.84,1331.45,221.78,-4868.97
Helth,2026-03-30,945.76,589.62,1535.38,356.14,-4512.83
Helth,2026-03-31,560.46,791.39,1351.85,-230.94,-4743.77
Helth,2026-04-01,854.75,636.14,1490.90,218.61,-4525.16
Helth,2026-04-02,763.87,620.10,1383.98,143.77,-4381.39
Helth,2026-04-03,338.82,488.07,826.90,-149.26,-4530.65
Helth,2026-04-07,274.98,295.66,570.64,-20.66,-4551.31
Helth,2026-04-08,965.99,579.96,1545.96,386.04,-4165.27
Helth,2026-04-09,456.02,976.83,1432.86,-520.81,-4686.08
Helth,2026-04-10,357.72,463.51,821.23,-105.78,-4791.86
Helth,2026-04-16,967.24,839.63,1806.86,127.61,-4664.25
Helth,2026-04-17,535.95,493.98,1029.93,41.96,-4622.29
Helth,2026-04-20,355.86,423.13,779.00,-67.27,-4689.56
Helth,2026-04-21,275.29,379.01,654.31,-103.72,-4793.28
Banking,2026-03-05,7117.84,6887.04,14004.90,230.79,230.79
Banking,2026-03-06,2432.16,4569.68,7001.85,-2137.52,-1906.73
Banking,2026-03-09,5003.39,6536.09,11539.49,-1532.70,-3439.43
Banking,2026-03-10,3620.07,4365.46,7985.51,-745.41,-4184.84
Banking,2026-03-11,3481.53,4101.35,7582.88,-619.79,-4804.63
Banking,2026-03-12,2298.79,3386.31,5685.10,-1087.52,-5892.15
Banking,2026-03-13,3466.30,3585.14,7051.44,-118.83,-6010.98
Banking,2026-03-16,2249.55,4110.86,6360.39,-1861.30,-7872.28
Banking,2026-03-17,2406.63,2443.95,4850.59,-37.33,-7909.61
Banking,2026-03-18,2523.16,2287.81,4810.96,235.36,-7674.25
Banking,2026-03-19,3086.97,3125.67,6212.64,-38.72,-7712.97
Banking,2026-03-20,3719.20,3791.20,7510.42,-71.99,-7784.96
Banking,2026-03-23,1904.18,3837.36,5741.54,-1933.15,-9718.11
Banking,2026-03-24,6208.62,4192.36,10400.99,2016.24,-7701.87
Banking,2026-03-25,3352.45,3054.46,6406.91,298.00,-7403.87
Banking,2026-03-26,5020.06,3419.04,8439.10,1601.03,-5802.84
Banking,2026-03-27,3322.16,3432.70,6754.85,-110.52,-5913.36
Banking,2026-03-30,2330.15,2905.29,5235.43,-575.15,-6488.51
Banking,2026-03-31,3563.23,3787.82,7351.06,-224.59,-6713.10
Banking,2026-04-01,3829.28,2666.63,6495.89,1162.66,-5550.44
Banking,2026-04-02,2837.15,2030.31,4867.47,806.83,-4743.61
Banking,2026-04-03,1780.79,2483.97,4264.76,-703.18,-5446.79
Banking,2026-04-07,1840.71,2366.28,4206.98,-525.58,-5972.37
Banking,2026-04-08,2779.37,2375.47,5154.84,403.92,-5568.45
Banking,2026-04-09,2449.61,3915.78,6365.40,-1466.16,-7034.61
Banking,2026-04-10,2629.17,3057.24,5686.41,-428.08,-7462.69
Banking,2026-04-16,5509.11,6598.33,12107.45,-1089.21,-8551.90
Banking,2026-04-17,3889.79,4649.83,8539.61,-760.03,-9311.93
Banking,2026-04-20,4006.87,4284.23,8291.09,-277.37,-9589.30
Banking,2026-04-21,8087.46,5784.24,13871.70,2303.23,-7286.07
ICT,2026-03-05,3385.17,4237.72,7622.89,-852.56,-852.56
ICT,2026-03-06,1408.59,2056.87,3465.47,-648.28,-1500.84
ICT,2026-03-09,3438.33,3256.19,6694.53,182.14,-1318.70
ICT,2026-03-10,1751.02,2671.00,4422.02,-919.97,-2238.67
ICT,2026-03-11,2118.11,2606.82,4724.93,-488.70,-2727.37
ICT,2026-03-12,2094.01,1872.80,3966.81,221.21,-2506.16
ICT,2026-03-13,1884.43,2418.87,4303.30,-534.45,-3040.61
ICT,2026-03-16,1850.83,1538.72,3389.55,312.09,-2728.52
ICT,2026-03-17,3015.92,3299.37,6315.29,-283.44,-3011.96
ICT,2026-03-18,1507.74,2056.35,3564.09,-548.60,-3560.56
ICT,2026-03-19,2058.93,2476.77,4535.71,-417.84,-3978.40
ICT,2026-03-20,2294.78,4706.74,7001.52,-2411.96,-6390.36
ICT,2026-03-23,1901.63,2630.60,4532.23,-728.97,-7119.33
ICT,2026-03-24,2101.90,2846.14,4948.05,-744.24,-7863.57
ICT,2026-03-25,1611.80,1842.72,3454.52,-230.93,-8094.50
ICT,2026-03-26,1176.35,1681.00,2857.35,-504.66,-8599.16
ICT,2026-03-27,2115.06,2640.26,4755.32,-525.21,-9124.37
ICT,2026-03-30,2246.81,1792.92,4039.73,453.89,-8670.48
ICT,2026-03-31,2856.04,2286.80,5142.83,569.25,-8101.23
ICT,2026-04-01,3159.93,4248.51,7408.44,-1088.58,-9189.81
ICT,2026-04-02,1990.67,1871.75,3862.42,118.92,-9070.89
ICT,2026-04-03,1143.58,887.23,2030.80,256.34,-8814.55
ICT,2026-04-07,1477.70,1519.27,2996.98,-41.58,-8856.13
ICT,2026-04-08,1939.07,1921.22,3860.30,17.85,-8838.28
ICT,2026-04-09,2736.76,2004.99,4741.75,731.76,-8106.52
ICT,2026-04-10,769.66,913.73,1683.38,-144.07,-8250.59
ICT,2026-04-16,2130.32,2495.80,4626.11,-365.48,-8616.07
ICT,2026-04-17,1568.53,2985.10,4553.63,-1416.57,-10032.64
ICT,2026-04-20,1239.76,908.60,2148.36,331.16,-9701.48
ICT,2026-04-21,1083.75,1223.01,2306.75,-139.26,-9840.74
